CHI2012 p0001.pdf.txt,agent,sound,effort,learn,concepts,taking,republish,known,empirical,mode,build,period,toward,measured,frequently,term,length,intelligent,agents,document
CHI2012 p0011.pdf.txt,novel,motivation,material,states,last,republish,window,agent,adaptive,far,exercise,tions,immediacy,random,room,below,learn,term,concepts,recall
CHI2012 p0021.pdf.txt,novel,added,effort,final,taking,republish,currently,setting,automatically,networks,creation,below,learn,term,friend,regroup,document,google,query,questionnaire
CHI2012 p0031.pdf.txt,learn,republish,term,vocabulary,known,build,regarding,languages,really,automatically,effort,last,frequently,contact,skills,followed,tions,questionnaire,limitations,measured
CHI2012 p0035.pdf.txt,novel,term,menu,document,classi,republish,material,window,learn,known,strategy,documents,tions,automatically,match,commands,links,score,components,element
CHI2012 p0039.pdf.txt,material,learn,child,outside,agent,novel,below,window,moves,engage,republish,taking,tions,gain,speech,last,effort,away,steps,room
CHI2012 p0049.pdf.txt,added,taking,discussions,setting,concepts,teams,room,material,republish,topics,outside,engage,put,below,designs,learn,contact,strategy,participatory,match
CHI2012 p0059.pdf.txt,added,concepts,learn,window,played,designs,frequently,republish,outside,mode,tutorials,length,tutorial,period,until,known,strategy,allowing,compare,tions
CHI2012 p0069.pdf.txt,added,taking,concepts,processes,novel,term,document,drawing,republish,learn,setting,vision,resolution,effort,develop,developing,ict,serious,far,teams
CHI2012 p0079.pdf.txt,pressure,effort,added,taking,novel,concepts,questionnaire,skills,played,republish,exercise,term,length,immersion,experiments,experienced,scores,mode,procedure,measured
CHI2012 p0089.pdf.txt,vision,novel,mode,played,taking,concepts,known,republish,questionnaire,male,setting,experienced,female,measured,below,sv,preferred,followed,stereoscopic,procedure
CHI2012 p0099.pdf.txt,taking,exercise,cm,topics,republish,below,window,deployment,motivation,outside,chose,period,learn,eating,states,detail,networks,examine,mode,setting
CHI2012 p0109.pdf.txt,contact,effort,republish,below,reality,augmented,last,changing,exercise,learn,states,setting,eating,menu,increasing,subject,aware,medical,revealed,item
CHI2012 p0119.pdf.txt,material,setting,parents,everyday,spaces,designs,really,drawing,republish,taking,concepts,tabletop,away,room,effort,term,empirical,eating,topics,menu
CHI2012 p0129.pdf.txt,setting,mode,added,parents,steps,skills,menu,put,drawing,republish,temperature,cooking,frequently,pan,until,keep,everyday,old,period,vision
CHI2012 p0139.pdf.txt,added,pressure,tions,speech,toward,taking,republish,contact,measured,story,force,channel,meaning,topics,emotional,signal,output,states,sound,affective
CHI2012 p0149.pdf.txt,parents,tap,added,novel,drawing,child,learn,material,really,documents,setting,document,materials,taking,republish,below,tions,read,contexts,sound
CHI2012 p0159.pdf.txt,added,novel,tabletop,photos,term,mode,learn,deployment,drawing,taking,republish,concepts,hands,everyday,allowing,room,last,really,engage,away
CHI2012 p0169.pdf.txt,added,drawing,production,representation,allowing,processes,tabletop,taking,republish,concepts,outside,vision,skills,final,creative,placed,visible,links,designs,learn
CHI2012 p0179.pdf.txt,path,exercise,novel,length,republish,explored,mapping,follow,below,learn,motivation,front,away,allowing,followed,reality,procedure,entire,until,augmented
CHI2012 p0189.pdf.txt,accurate,horizontal,icking,tabletop,vision,republish,below,angle,center,vertical,away,far,tions,placed,procedure,term,degree,surfaces,entire,frame
CHI2012 p0199.pdf.txt,novel,material,tabletop,taking,front,vision,republish,below,currently,room,last,captured,far,entire,known,build,visible,placed,hands,reality
CHI2012 p0209.pdf.txt,connection,republish,patient,entire,length,regarding,front,edge,horizontal,subjective,contact,known,ratings,bezel,path,followed,measured,completion,curve,revealed
CHI2012 p0213.pdf.txt,below,taking,republish,term,learn,angle,vision,measured,room,outside,away,against,increasing,sizes,pixels,states,fitts,appear,far,procedure
CHI2012 p0217.pdf.txt,novel,added,constraints,effort,far,republish,last,tions,planning,qualitative,automatically,duration,quantitative,add,crowd,learn,length,allowing,itinerary,setting
CHI2012 p0227.pdf.txt,added,novel,tions,known,outside,explanations,annotation,republish,effort,chart,links,experiments,length,skills,build,ratings,explain,increasing,rating,charts
CHI2012 p0237.pdf.txt,queries,query,learn,term,topics,effort,republish,build,length,tail,last,popular,below,known,far,steps,click,documents,entire,represent
CHI2012 p0247.pdf.txt,added,effort,below,taking,links,topics,representation,republish,term,engage,sensemaking,organizational,pilot,output,spent,build,processes,final,creation,followed
CHI2012 p0257.pdf.txt,window,menu,mode,designs,memory,allowing,commands,drawing,republish,below,parents,known,menus,empirical,command,faster,document,item,preferred,outside
CHI2012 p0267.pdf.txt,document,gain,length,documents,window,scrolling,empirical,republish,below,known,final,far,last,automatically,frequently,procedure,faster,output,directions,functions
CHI2012 p0277.pdf.txt,topics,novel,strategy,last,success,links,taking,republish,designs,effort,setting,browsing,steps,path,learn,concepts,known,product,preferred,document
CHI2012 p0287.pdf.txt,window,child,spaces,novel,below,detail,compare,taking,republish,parents,outside,build,overview,zoom,google,last,strategy,completion,links,windows
CHI2012 p0297.pdf.txt,window,representation,learn,front,republish,term,motivation,followed,measured,observations,aware,played,revealed,parts,below,concepts,known,away,accurate,interactivity
CHI2012 p0307.pdf.txt,spaces,setting,front,taking,term,novel,concepts,situation,republish,outside,visible,tions,urban,far,engage,designs,parents,learn,everyday,participation
CHI2012 p0317.pdf.txt,concepts,novel,front,followed,frequently,republish,taking,motivation,audience,compare,vision,learn,visible,observations,setting,tested,path,spaces,limitations,representation
CHI2012 p0327.pdf.txt,material,parents,room,photos,concepts,drawing,taking,designs,identity,self,opportunities,republish,everyday,put,effort,teens,going,outside,frequently,engage
CHI2012 p0337.pdf.txt,material,parents,concepts,photos,put,discussions,last,novel,away,materials,families,room,drawing,taking,republish,tions,outside,child,care,explored
CHI2012 p0347.pdf.txt,material,tv,old,parents,everyday,republish,learn,discussions,watching,watch,front,really,room,window,popular,away,properties,live,care,effort
CHI2012 p0357.pdf.txt,designs,material,audience,goals,document,documents,exercise,taking,republish,concepts,mode,skills,strategy,resource,vision,engage,class,category,authors,subject
CHI2012 p0367.pdf.txt,empirical,everyday,material,republish,outside,setting,known,vocabulary,far,contextual,situation,preferences,concepts,concerns,motivation,self,regarding,status,going,identity
CHI2012 p0377.pdf.txt,added,photos,rules,strategy,setting,organizational,frequently,republish,accurate,limitations,engage,preferences,photo,measured,tagging,outside,parents,allowing,detailed,tag
CHI2012 p0387.pdf.txt,photos,identity,novel,republish,material,learn,topics,processes,goals,document,concerns,really,motivation,motivations,despite,aware,discussions,representation,photo,revealed
CHI2012 p0391.pdf.txt,republish,designs,mode,last,rules,limitations,controls,preferences,add,configuration,going,scenarios,automatically,choose,semantic,examine,frame,investigate,revealed,self
CHI2012 p0395.pdf.txt,motivation,identity,customization,novel,measured,setting,republish,website,engage,self,interactivity,blogging,participation,toward,degree,below,learn,empirical,build,agency
CHI2012 p0405.pdf.txt,novel,visually,visible,detailed,republish,learn,vision,going,gps,street,impaired,contact,intersection,final,center,sound,directions,noted,effort,outside
CHI2012 p0415.pdf.txt,learn,drawing,added,visually,novel,below,speech,tactile,republish,places,sound,directions,build,limitations,frequently,route,length,develop,mode,impaired
CHI2012 p0425.pdf.txt,vision,taking,steps,path,length,visually,republish,directions,last,known,mapping,representation,environments,spaces,success,accurate,room,qualitative,followed,cost
CHI2012 p0433.pdf.txt,websites,empirical,wcag,taking,republish,website,period,documents,accessibility,category,links,visually,learn,concepts,known,guidelines,implemented,steps,followed,document
CHI2012 p0443.pdf.txt,topics,term,added,novel,document,concepts,output,similarity,drawing,republish,taking,designs,learn,known,documents,effort,outside,tions,department,modeling
CHI2012 p0453.pdf.txt,patient,added,medical,representation,documents,qualitative,temporal,republish,frequently,measured,timeline,period,links,room,clinical,below,term,concepts,questionnaire,represent
CHI2012 p0463.pdf.txt,novel,drawing,mode,added,mapping,window,land,republish,pieces,representation,matching,period,learn,term,textual,chose,directions,graph,document,menu
CHI2012 p0473.pdf.txt,document,added,documents,term,taking,semantic,processes,drawing,republish,learn,gain,outside,below,concepts,allowing,final,parameters,currently,entire,links
CHI2012 p0483.pdf.txt,novel,added,material,signal,everyday,drawing,taking,republish,tions,vision,measured,procedure,hands,learn,materials,mode,entire,aware,capacitive,outside
CHI2012 p0493.pdf.txt,novel,ern,aware,republish,window,procedure,length,final,toward,brain,output,below,term,known,tabletop,processing,discussions,measured,experiments,decision
CHI2012 p0503.pdf.txt,output,added,material,pressure,medical,procedure,republish,below,skin,far,tested,sound,contact,limitations,measured,components,tap,steps,qualitative,learn
CHI2012 p0513.pdf.txt,vision,processes,republish,processing,output,followed,artifacts,brain,last,against,frame,length,tions,graphics,accurate,limitations,hypothesis,regarding,implicit,static
CHI2012 p0517.pdf.txt,added,vision,republish,measured,add,taste,sound,electric,experiments,contact,pressure,output,followed,stimuli,stimulus,build,allowing,keep,subject,bottom
CHI2012 p0521.pdf.txt,designs,contact,added,concepts,engage,taking,novel,topics,final,care,republish,learn,effort,dementia,participatory,frequently,discussions,everyday,patient,consistent
CHI2012 p0531.pdf.txt,processes,final,period,republish,drawing,term,effort,medical,last,empirical,frequently,contact,deployment,funeral,participation,document,topics,currently,photos,care
CHI2012 p0541.pdf.txt,topics,links,news,measured,novel,republish,known,setting,spent,followed,saliency,pilot,salient,vision,qualitative,engage,below,allowing,indicated,away
CHI2012 p0551.pdf.txt,added,frequently,period,republish,networks,term,length,sentiment,organizational,topics,measured,contact,employees,expression,entry,tend,status,empirical,front,build
CHI2012 p0555.pdf.txt,window,document,measured,exercise,period,taking,last,spent,duration,effort,empirical,baseline,frequently,days,learn,heart,keep,setting,pressure,limitations
CHI2012 p0565.pdf.txt,added,novel,republish,effort,frequently,below,window,automatically,limitations,agreement,outside,increasing,talk,summary,frame,preferred,steps,thumbnails,participation,respondents
CHI2012 p0569.pdf.txt,self,skills,category,popular,product,frequently,republish,term,tag,organizational,known,contact,tagging,followed,learn,window,description,processes,overlap,setting
CHI2012 p0579.pdf.txt,ads,ad,photo,taking,republish,followed,revealed,photos,topics,questionnaire,creation,targeted,term,advertising,avoid,website,procedure,networks,measured,currently
CHI2012 p0589.pdf.txt,added,setting,links,tested,chose,block,menu,dif,taking,republish,material,learn,tions,website,states,creation,exercise,below,designs,window
CHI2012 p0599.pdf.txt,added,material,creation,processes,steps,taking,republish,last,works,document,photos,followed,automatically,below,designs,learn,term,concepts,currently,measured
CHI2012 p0609.pdf.txt,added,outside,mechanisms,setting,really,republish,term,sns,frequently,going,engage,networks,effort,creation,strategy,environments,against,designs,allowing,news
CHI2012 p0619.pdf.txt,added,novel,republish,representation,room,annotation,reality,vision,procedure,hands,worker,frame,solution,front,build,augmented,projector,allowing,visible,arm
CHI2012 p0623.pdf.txt,added,frame,republish,material,mode,length,term,designs,mapping,setting,limitations,last,manipulation,outside,temporal,timeline,preferred,pause,avoid,measured
CHI2012 p0627.pdf.txt,window,below,drawing,taking,material,novel,limitations,spaces,republish,frequently,detail,record,aware,links,vision,allowing,visible,resolution,setting,document
CHI2012 p0637.pdf.txt,added,taking,drawing,material,frame,novel,length,far,resolution,republish,last,random,completion,th,scene,limitations,below,window,empirical,mode
CHI2012 p0647.pdf.txt,novel,drawing,republish,vision,frame,below,window,front,cube,steps,manipulation,vs,length,currently,browsing,automatically,volume,supports,allowing,static
CHI2012 p0651.pdf.txt,added,material,taking,mode,novel,final,republish,automatic,questionnaire,effort,links,production,tions,front,clips,visible,manual,put,peer,record
CHI2012 p0655.pdf.txt,term,novel,concepts,contexts,outside,material,taking,republish,collapse,period,document,build,exercise,engage,below,global,increasing,setting,adaptation,goals
CHI2012 p0665.pdf.txt,material,novel,outside,added,everyday,engage,opportunities,republish,smart,contexts,demand,qualitative,goals,designs,term,build,currently,aware,generation,concerns
CHI2012 p0675.pdf.txt,added,pilot,frequently,last,going,followed,engage,taking,republish,outside,portal,against,below,learn,deployment,news,mode,week,graph,really
CHI2012 p0685.pdf.txt,taking,added,sound,term,everyday,republish,spaces,mode,chose,period,frequently,sensors,environments,augmented,revealed,really,away,going,aware,cost
CHI2012 p0689.pdf.txt,exercise,republish,measured,motivation,aware,qualitative,product,procedure,put,length,bar,persuasive,spent,against,strength,self,chocolate,representation,strategy,revealed
CHI2012 p0695.pdf.txt,added,novel,period,taking,topics,patient,really,followed,republish,concepts,front,agent,skills,going,room,limitations,below,learn,term,setting
CHI2012 p0705.pdf.txt,agent,taking,material,learn,contact,measured,toward,period,republish,followed,agents,room,processes,visible,recall,achieve,representation,term,designs,window
CHI2012 p0715.pdf.txt,novel,outside,period,contact,republish,taking,below,tions,temperature,thermal,stimuli,room,output,term,learn,repeated,rates,ambient,median,measured
CHI2012 p0725.pdf.txt,added,material,learn,plush,mode,played,old,republish,everyday,toy,questionnaire,record,observations,toys,child,contact,memory,pressure,goals,parts
CHI2012 p0735.pdf.txt,output,taking,novel,drawing,republish,changing,purpose,goals,limitations,below,designs,concepts,papers,parameters,moves,build,graphical,materials,category,experienced
CHI2012 p0745.pdf.txt,novel,taking,republish,measured,force,front,memory,far,classi,haptic,length,sensors,materials,output,placed,external,everyday,put,sma,currently
CHI2012 p0749.pdf.txt,material,drawing,novel,republish,concepts,learn,build,against,length,skills,mechanisms,setting,topics,workshop,memory,chose,mechanism,links,frequently,wire
CHI2012 p0753.pdf.txt,added,topics,window,really,novel,room,taking,republish,parents,front,chat,partners,everyday,limitations,links,period,partner,below,sound,setting
CHI2012 p0763.pdf.txt,drawing,novel,taking,republish,setting,topics,call,conversation,phones,emotional,period,tactile,put,contact,played,output,discussions,sound,room,voice
CHI2012 p0767.pdf.txt,republish,status,emotional,days,window,processes,period,emotion,examine,against,discussions,despite,strategy,allowing,states,networks,friend,far,chose,goals
CHI2012 p0771.pdf.txt,really,taking,status,photos,going,goals,republish,visible,setting,frequently,networks,topics,identity,last,decisions,keep,below,designs,parents,learn
CHI2012 p0781.pdf.txt,material,added,photos,put,term,last,tions,identity,care,republish,parents,toward,keep,really,known,documents,going,places,away,exercise
CHI2012 p0791.pdf.txt,taking,added,concepts,novel,airtime,mode,exercise,phones,republish,employees,call,developing,professional,last,spent,frequently,designs,length,skills,calls
CHI2012 p0801.pdf.txt,pressure,mode,drawing,added,republish,menu,outside,length,normal,empirical,character,tilt,revealed,characters,cause,distribution,angle,front,course,azimuth
CHI2012 p0805.pdf.txt,pressure,menu,mode,novel,setting,manipulation,republish,below,learn,channel,mapping,tilt,channels,completion,period,term,designs,empirical,final,fast
CHI2012 p0815.pdf.txt,novel,added,designs,last,tabletop,final,republish,learn,pilot,visually,center,entry,adaptive,adaptation,empirical,vision,term,concepts,personalized,keys
CHI2012 p0825.pdf.txt,menu,setting,drawing,republish,below,designs,window,contact,vision,empirical,allowing,marking,kinect,extended,spaces,limitations,placed,front,visible,commands
CHI2012 p0829.pdf.txt,pair,pairs,taking,republish,below,term,affective,processes,empirical,subjective,balance,procedure,window,skills,followed,effort,duration,develop,accurate,frequently
CHI2012 p0839.pdf.txt,states,window,frequently,affective,taking,republish,contact,learn,motivation,processes,preferences,organizational,effort,empirical,outside,questionnaire,emotional,chose,links,period
CHI2012 p0849.pdf.txt,novel,drawing,states,memory,document,affective,tions,republish,material,term,documents,emotional,explored,exercise,frequently,recall,below,parents,learn,window
CHI2012 p0859.pdf.txt,added,hr,concepts,everyday,novel,term,last,setting,drawing,republish,deployment,contexts,mode,really,room,qualitative,mechanisms,thought,representation,situation
CHI2012 p0869.pdf.txt,added,skills,period,material,taking,republish,learn,moves,outside,parkour,participatory,really,below,final,goals,participation,document,going,away,aware
CHI2012 p0879.pdf.txt,added,period,setting,commitment,talk,republish,below,conversation,identity,topics,measured,teams,outside,hypothesis,motivation,processes,organizational,member,increasing,limitations
CHI2012 p0889.pdf.txt,added,tweets,designs,effort,links,played,republish,material,taking,below,term,motivation,tions,agreement,frequently,document,classi,round,against,window
CHI2012 p0899.pdf.txt,patient,added,motivation,term,taking,last,care,deployment,republish,period,played,followed,medical,status,doctors,frame,put,below,regarding,center
CHI2012 p0909.pdf.txt,patient,added,taking,documents,record,processes,drawing,representation,exercise,material,republish,below,contexts,production,known,skills,detail,medical,final,far
CHI2012 p0919.pdf.txt,patient,setting,care,republish,below,accurate,exercise,staff,known,against,consistent,effort,ratings,assessment,discussions,item,representation,pixels,front,graphical
CHI2012 p0923.pdf.txt,patient,medical,below,republish,limitations,care,learn,whole,discussions,engage,effort,links,gain,currently,professionals,scenario,professional,chose,clinical,participation
CHI2012 p0927.pdf.txt,patient,medical,drawing,concepts,outside,away,taking,republish,procedure,setting,contact,front,spaces,vision,room,below,motivation,sequence,concerns,effort
CHI2012 p0937.pdf.txt,designs,novel,drawing,concepts,build,taking,republish,material,discussions,processes,last,known,successful,develop,detailed,product,engage,against,theories,annotation
CHI2012 p0947.pdf.txt,drawing,vision,taking,term,persuasive,material,outside,mode,sustainability,novel,designs,everyday,frequently,republish,tions,frame,papers,engage,below,known
CHI2012 p0957.pdf.txt,material,term,concepts,novel,taking,drawing,strategy,mode,limitations,product,republish,designs,concerns,outside,draw,parents,framework,far,followed,discussions
CHI2012 p0967.pdf.txt,affordances,added,concepts,below,material,republish,term,environments,notion,window,setting,gibson,discussions,document,limitations,empirical,strategy,extended,ny,mediated
CHI2012 p0977.pdf.txt,novel,added,far,length,republish,center,known,graphical,below,contact,mode,pressure,preferred,ratings,away,toward,last,memory,sequence,static
CHI2012 p0987.pdf.txt,added,taking,pressure,mode,setting,term,pilot,drawing,republish,period,password,reference,rates,known,security,vertical,true,final,tions,questionnaire
CHI2012 p0997.pdf.txt,added,taking,password,passwords,novel,designs,webticket,processes,frequently,republish,creation,against,accounts,setting,period,length,limitations,security,graphical,log
CHI2012 p1007.pdf.txt,term,novel,added,vision,query,names,taking,republish,designs,colors,links,below,learn,setting,queries,documents,pixels,visible,red,outside
CHI2012 p1017.pdf.txt,concepts,mapping,drawing,taking,mind,learn,links,processes,republish,limitations,representation,exercise,topics,thought,organizational,last,empirical,opportunities,allowing,indicated
CHI2012 p1027.pdf.txt,added,learn,workflow,length,representation,steps,commands,chose,compare,document,republish,taking,material,detail,workflows,menu,preferred,final,limitations,documents
CHI2012 p1037.pdf.txt,drawing,added,novel,length,draw,dif,components,taking,republish,constraints,completion,entire,quickdraw,questionnaire,diagram,learn,term,known,microsoft,mode
CHI2012 p1065.pdf.txt,frequently,below,chose,google,networks,drawing,republish,taking,names,period,qualitative,topics,contact,audience,circles,exercise,outside,product,photos,setting
CHI2012 p1075.pdf.txt,topics,concepts,links,setting,novel,taking,republish,known,semantic,wikipedia,english,below,strategy,gain,article,representation,room,effort,omnipedia,output
CHI2012 p1085.pdf.txt,added,below,topics,annotation,length,contact,tions,learn,document,taking,republish,visible,procedure,outside,measured,placed,term,known,researcher,queries
CHI2012 p1095.pdf.txt,added,designs,below,empirical,vision,series,republish,strategy,eld,graph,dif,representation,explored,window,known,limitations,graphical,allowing,month,aggregate
CHI2012 p1105.pdf.txt,novel,taking,hypothesis,empirical,republish,learn,known,last,effort,researcher,frequently,designs,term,experiments,against,setting,sizes,statistical,measured,ratings
CHI2012 p1115.pdf.txt,states,added,representation,drawing,republish,taking,concepts,currently,tions,frequently,visible,placed,distribution,red,dif,played,mapping,automatically,attributes,toward
CHI2012 p1125.pdf.txt,taking,empirical,drawing,designs,republish,learn,concepts,researcher,toward,steps,participatory,topics,strategy,participation,vsd,regarding,discussions,documents,window,build
CHI2012 p1135.pdf.txt,researcher,setting,added,participation,taking,length,build,republish,term,designs,learn,motivation,known,contact,chose,last,outside,success,aware,played
CHI2012 p1145.pdf.txt,drawing,republish,taking,material,term,processes,cards,parents,designs,old,child,card,outside,authors,envisioning,participation,contact,engage,strategy,phones
CHI2012 p1149.pdf.txt,added,speech,vocabulary,skills,below,designs,drawing,republish,parents,term,developing,sound,child,read,measured,semantic,learn,contexts,played,setting
CHI2012 p1159.pdf.txt,novel,ll,menu,designs,concepts,strategy,skills,republish,window,effort,successful,frequently,links,document,topics,processes,index,below,learn,term
CHI2012 p1169.pdf.txt,concepts,designs,novel,discussions,drawing,taking,front,put,republish,cards,old,setting,frequently,participatory,far,followed,period,below,term,qualitative
CHI2012 p1179.pdf.txt,exercise,designs,motivation,discussions,patient,drawing,taking,republish,workshop,participation,rehabilitation,played,below,term,setting,participatory,procedure,engage,balance,regarding
CHI2012 p1189.pdf.txt,taking,novel,designs,cheque,republish,last,discussions,old,participatory,explored,followed,final,frequently,concepts,length,known,read,setting,uk,processing
CHI2012 p1199.pdf.txt,novel,material,engage,frequently,participatory,republish,term,concepts,effort,patient,motivation,contact,last,scenario,old,exercise,outside,aware,scenarios,designs
CHI2012 p1209.pdf.txt,designs,last,persona,taking,republish,product,goals,empirical,meeting,processes,mechanisms,discussions,learn,term,going,despite,really,document,menu,develop
CHI2012 p1219.pdf.txt,designs,added,outside,product,drawing,persona,below,setting,exercise,material,taking,republish,processes,experienced,documents,care,really,teams,goals,learn
CHI2012 p1229.pdf.txt,novel,mapping,below,mode,document,continuous,drawing,taking,republish,tap,menu,preferred,hands,commands,tabletop,effort,directions,foot,designs,learn
CHI2012 p1239.pdf.txt,novel,menu,added,mode,taking,republish,effort,chose,front,vision,limitations,hands,output,learn,gain,performing,questionnaire,measured,avoid,build
CHI2012 p1249.pdf.txt,tabletop,republish,hands,limitations,vision,rates,period,explored,contact,known,skills,currently,discussions,uist,measured,frame,everyday,shoes,steps,bootstrapper
CHI2012 p1253.pdf.txt,added,mode,success,vocabulary,last,novel,learn,menu,taking,republish,below,length,rhythmic,known,duration,representation,performing,preferred,classi,tap
CHI2012 p1263.pdf.txt,added,speech,taking,republish,sound,trend,period,preferred,away,noted,allowing,networks,questionnaire,really,topics,gain,density,last,effort,qualitative
CHI2012 p1273.pdf.txt,added,taking,novel,length,republish,below,variables,last,listening,learn,components,played,chose,empirical,everyday,far,resulting,regarding,days,duration
CHI2012 p1277.pdf.txt,added,outside,taking,horizontal,tabletop,novel,aware,vertical,republish,spaces,completion,followed,front,layer,exercise,frequently,cm,regarding,holding,until
CHI2012 p1287.pdf.txt,drawing,nger,window,length,designs,drawn,taking,republish,draw,measured,cm,accurate,chose,period,known,revealed,stroke,complexity,mode,procedure
CHI2012 p1297.pdf.txt,bar,mode,novel,designs,manipulation,rotation,handle,below,hands,setting,republish,limitations,period,length,mapping,last,learn,front,away,allowing
CHI2012 p1307.pdf.txt,term,topics,republish,material,document,exercise,limitations,documents,concepts,audience,effort,authors,frame,put,canvas,motivation,known,tions,questionnaire,preferred
CHI2012 p1311.pdf.txt,added,participation,novel,taking,mode,qualitative,contact,drawing,republish,below,gain,played,effort,deployment,everyday,followed,far,learn,term,motivation
CHI2012 p1321.pdf.txt,frequently,setting,preferred,patient,interviewer,demand,republish,known,status,bias,experiments,researcher,par,procedure,chose,child,hypothesis,states,cipants,identical
CHI2012 p1331.pdf.txt,added,taking,novel,document,material,republish,below,representation,documents,deployment,allowing,exercise,frequently,qualitative,bottom,pilot,center,window,mode,record
CHI2012 p1341.pdf.txt,px,queries,query,setting,subject,republish,last,positions,length,spent,click,measured,read,links,designs,learn,term,window,alignment,examine
CHI2012 p1351.pdf.txt,residents,staff,deployment,added,material,engage,topics,participation,republish,designs,board,toward,visible,period,develop,below,contact,build,away,opportunities
CHI2012 p1361.pdf.txt,taking,residents,participation,added,novel,visible,period,effort,engage,republish,window,contact,going,deployment,allowing,spaces,motivation,exercise,final,processes
CHI2012 p1371.pdf.txt,residents,discussions,taking,concerns,states,build,website,engage,topics,republish,concepts,crime,child,period,qualitative,below,designs,known,front,forum
CHI2012 p1381.pdf.txt,taking,skills,contexts,material,frequently,window,topics,republish,below,learn,followed,states,developing,period,class,room,exercise,outside,procedure,teachers
CHI2012 p1391.pdf.txt,vocabulary,added,gain,material,visible,frequently,republish,term,learn,duration,chose,followed,last,recall,exercise,outside,opportunities,period,repeated,engage
CHI2012 p1401.pdf.txt,added,exercise,sleep,novel,taking,learn,term,setting,recommendations,known,aware,republish,last,effort,period,going,links,bar,really,below
CHI2012 p1411.pdf.txt,patient,care,medical,added,taking,outside,republish,staff,room,links,period,tions,final,tests,allowing,phones,limitations,term,aware,mode
CHI2012 p1421.pdf.txt,added,taking,novel,exercise,contact,below,engage,strategy,drawing,material,republish,term,clients,successful,pressure,frequently,links,qualitative,designs,concepts
CHI2012 p1431.pdf.txt,parents,child,exercise,care,period,republish,taking,old,frequently,skills,going,really,emotional,automatically,below,learn,window,build,families,document
CHI2012 p1441.pdf.txt,representation,added,novel,material,concepts,republish,sizes,temporal,red,frequently,period,thought,below,processes,placed,imperceptible,duration,record,until,learners
CHI2012 p1451.pdf.txt,menu,vision,added,republish,setting,placed,rates,visible,away,changing,increasing,period,designs,known,output,accurate,measured,bottom,changed,visually
CHI2012 p1461.pdf.txt,term,document,book,goals,topics,tions,period,drawing,republish,books,toward,visualizations,skills,browsing,visible,frequently,explored,below,window,concepts
CHI2012 p1471.pdf.txt,period,menu,goals,recommendations,learn,last,tions,novel,followed,frequently,empirical,links,republish,below,window,developers,term,known,build,algorithms
CHI2012 p1481.pdf.txt,term,added,vision,republish,profanity,known,news,final,contain,setting,comment,recall,limitations,contexts,profane,outside,similarly,read,frequently,links
CHI2012 p1491.pdf.txt,discussions,added,consensus,participation,links,build,drawing,republish,taking,ui,experienced,menu,last,effort,against,decision,duration,product,learn,length
CHI2012 p1501.pdf.txt,tweets,patient,insomnia,term,sleep,exercise,republish,medical,read,category,period,designs,care,qualitative,setting,really,engage,last,strategy,regarding
CHI2012 p1511.pdf.txt,novel,pressure,republish,contact,mode,engage,below,term,concepts,motivation,topics,persuasive,allowing,everyday,networks,goals,participation,news,successful,offer
CHI2012 p1515.pdf.txt,topics,tweets,republish,success,measured,frequently,links,below,term,empirical,successful,outside,degree,discussions,similarity,examined,independent,networks,develop,starting
CHI2012 p1519.pdf.txt,added,taking,outside,going,novel,window,engage,republish,last,followed,visible,front,instruction,far,regarding,room,al,against,steps,period
CHI2012 p1529.pdf.txt,novel,material,processes,situation,center,empirical,taking,republish,contact,organizational,outside,discussions,document,pressure,organizations,frequently,below,concepts,followed,staff
CHI2012 p1539.pdf.txt,added,material,republish,below,skills,outside,front,crowdsourcing,deployment,limitations,frequently,production,median,umati,topics,cost,compare,allowing,peer,mechanical
CHI2012 p1549.pdf.txt,mode,queries,novel,document,scenario,discussions,ui,taking,republish,term,links,known,lemonaid,contextual,final,frequently,vision,query,explored,below
CHI2012 p1559.pdf.txt,added,novel,discussions,drawing,effort,deployment,engage,material,republish,taking,concepts,toward,empirical,read,ect,meaning,patient,listening,strategy,frame
CHI2012 p1569.pdf.txt,tweets,drawing,republish,last,teams,vision,below,away,far,effort,everyday,highlight,frequently,period,plays,explored,contact,score,highlights,sports
CHI2012 p1573.pdf.txt,vision,drawing,taking,designs,tions,everyday,read,ubiquitous,republish,learn,reality,envisioning,document,outside,scenario,term,concepts,ubicomp,popular,processes
CHI2012 p1583.pdf.txt,material,concepts,taking,term,designs,steampunk,everyday,period,drawing,republish,frequently,links,skills,participation,identity,exercise,vision,materials,representation,below
CHI2012 p1593.pdf.txt,material,drawing,setting,novel,learn,topics,representation,final,taking,republish,concepts,discussions,steps,cards,materials,length,skills,processes,last,old
CHI2012 p1603.pdf.txt,added,drawing,city,republish,residents,frequently,spaces,followed,places,questionnaire,urban,parts,known,away,draw,engage,build,popular,old,detail
CHI2012 p1607.pdf.txt,republish,queries,window,term,news,document,topics,automatically,documents,popular,states,outside,city,ratings,compare,away,locals,interests,log,everyday
CHI2012 p1611.pdf.txt,skills,novel,rotation,exercise,drawing,below,designs,measured,taking,republish,effort,child,explored,known,everyday,against,revealed,environments,engage,compare
CHI2012 p1621.pdf.txt,taking,gps,drawing,skills,frequently,tions,final,republish,designs,route,driver,last,going,away,followed,limitations,driving,parents,visible,frame
CHI2012 p1631.pdf.txt,processes,below,memory,representation,empirical,last,semantic,explicit,photos,processing,republish,concepts,tag,topics,followed,implicit,tagging,measured,parameters,term
CHI2012 p1641.pdf.txt,annotation,taking,material,aware,representation,novel,designs,contexts,tions,republish,window,concepts,last,visible,outside,detailed,period,allowing,term,dimensions
CHI2012 p1651.pdf.txt,strategy,patient,republish,effort,followed,entry,steps,chose,procedure,below,designs,cost,away,setting,document,measured,allowing,read,frequently,period
CHI2012 p1655.pdf.txt,added,material,republish,taking,strategy,visible,period,designs,setting,preferred,tions,limitations,effort,outside,frequently,goals,known,graph,revealed,processes
CHI2012 p1659.pdf.txt,novel,bar,republish,drawing,learn,designs,concepts,setting,visualizations,room,avoid,spaces,vision,draw,pairs,chart,placed,frame,wide,components
CHI2012 p1663.pdf.txt,added,novel,links,networks,effort,topics,bar,republish,states,chart,authors,representation,papers,charts,qualitative,below,query,entire,setting,steps
CHI2012 p1673.pdf.txt,added,queries,query,republish,learn,concepts,last,explored,frequently,against,known,limitations,final,far,effort,currently,confidence,bar,compare,front
CHI2012 p1683.pdf.txt,outside,states,designs,taking,category,drawing,republish,exercise,vocabulary,term,learn,final,mode,tions,menu,build,against,popular,everyday,ratings
CHI2012 p1693.pdf.txt,outside,projection,novel,handheld,visible,taking,republish,window,tions,allowing,vp,limitations,measured,extended,frame,term,aware,followed,faster,manipulation
CHI2012 p1703.pdf.txt,added,drawing,outside,material,taking,explored,republish,story,read,limitations,followed,participation,designs,concepts,preferred,scenario,allowing,old,final,mode
CHI2012 p1713.pdf.txt,parents,novel,concepts,added,learn,child,outside,republish,block,blocks,frequently,designs,old,followed,young,read,period,really,represent,duration
CHI2012 p1717.pdf.txt,added,novel,window,setting,representation,drawing,republish,length,spaces,tions,explored,limitations,measured,below,learn,term,concepts,mapping,against,pressure
CHI2012 p1727.pdf.txt,drawing,learn,taking,steps,output,novel,draw,republish,below,texture,final,term,currently,creation,workflow,continuous,explored,vignette,element,strokes
CHI2012 p1737.pdf.txt,added,taking,tions,vision,republish,below,front,outside,followed,questionnaire,last,effort,speech,window,learn,revealed,mode,static,hands,menu
CHI2012 p1747.pdf.txt,known,novel,mapping,republish,classi,below,learn,length,duration,accurate,last,states,entire,vision,red,observations,limitations,sensors,resulting,speech
CHI2012 p1751.pdf.txt,added,drawing,taking,republish,everyday,environments,sound,connection,smart,wireless,contact,developing,status,followed,ubiquitous,connections,contexts,toolkit,old,signal
CHI2012 p1755.pdf.txt,novel,topics,added,taking,goals,spent,setting,republish,material,allowing,going,meetings,last,put,exercise,outside,tions,period,visualizations,motivation
CHI2012 p1765.pdf.txt,taking,material,below,visible,setting,frequently,played,republish,window,contact,steps,gathering,questionnaire,motivation,known,allowing,pressure,limitations,placed,partner
CHI2012 p1775.pdf.txt,queries,last,added,length,query,organizational,taking,term,period,contact,followed,faces,republish,chose,document,match,popular,links,employees,designs
CHI2012 p1785.pdf.txt,added,topics,below,term,query,learn,skills,queries,period,compare,taking,republish,frequently,length,room,successful,final,dashboard,typical,last
CHI2012 p1795.pdf.txt,medical,added,queries,learn,links,length,topics,trails,republish,material,questionnaire,setting,query,documents,steps,processes,frequently,popular,below,concepts
CHI2012 p1805.pdf.txt,novel,material,taking,old,setting,last,below,term,record,djs,document,drawing,republish,far,dj,sound,really,concepts,build,away
CHI2012 p1815.pdf.txt,sound,term,concepts,room,novel,drawing,taking,republish,tions,affective,period,parents,empirical,build,aware,mapping,away,identity,last,old
CHI2012 p1825.pdf.txt,drawing,added,material,novel,republish,links,representation,components,sound,sequence,entry,draw,participatory,explored,musical,graphical,rules,creation,scenarios,solutions
CHI2012 p1829.pdf.txt,novel,length,record,track,republish,mode,visible,played,setting,last,vision,skills,known,manipulation,dj,sound,djs,build,parts,allowing
CHI2012 p1833.pdf.txt,added,patient,term,phones,period,republish,staff,mode,deployment,program,medical,limitations,chose,frequently,pilot,put,learn,concepts,contact,build
CHI2012 p1843.pdf.txt,novel,taking,length,document,documents,republish,skills,developing,entry,contact,free,last,phones,outside,followed,learn,term,window,motivation,crowdsourcing
CHI2012 p1853.pdf.txt,exercise,effort,novel,skills,front,measured,heart,engage,taking,republish,exertion,allowing,run,sound,designs,engaging,aware,facilitate,jogging,goals
CHI2012 p1863.pdf.txt,exercise,learn,played,below,version,measured,republish,taking,states,casual,known,kinect,last,term,skills,setting,produced,produce,followed,questionnaire
CHI2012 p1873.pdf.txt,engage,novel,limitations,exercise,frequently,explored,taking,republish,period,patient,skills,regarding,put,learn,window,motivation,known,questionnaire,allowing,everyday
CHI2012 p1883.pdf.txt,material,document,discussions,term,annotation,effort,read,class,taking,republish,below,concepts,motivation,tions,setting,length,really,documents,successful,learn
CHI2012 p1893.pdf.txt,document,mode,steps,documents,republish,material,taking,links,put,below,concepts,menu,entire,visible,automatically,motivation,skills,known,preferred,away
CHI2012 p1897.pdf.txt,drawing,taking,novel,mode,setting,concepts,document,documents,links,republish,draw,hybrid,build,components,chose,frequently,photo,discussions,tions,placed
CHI2012 p1901.pdf.txt,window,added,taking,below,period,vision,drawing,republish,contact,front,chose,experiments,limitations,placed,frame,room,signal,states,until,mode
CHI2012 p1911.pdf.txt,away,republish,window,setting,vision,pilot,front,toward,below,sound,measured,tested,last,signal,period,put,hands,motivation,known,shift
CHI2012 p1915.pdf.txt,added,contact,republish,phones,steps,hands,below,window,learn,setting,measured,tabletop,kinect,frequently,frame,explored,length,accurate,limitations,front
CHI2012 p1919.pdf.txt,added,drawing,spaces,room,put,played,republish,material,taking,frame,illumishare,questionnaire,child,period,away,visible,hands,setting,steps,chose
CHI2012 p1929.pdf.txt,republish,menu,contact,allowing,limitations,tabletop,far,vision,skills,widgets,room,front,resulting,controls,explored,demonstrate,extended,constraints,uist,optical
CHI2012 p1933.pdf.txt,novel,republish,static,kinect,frame,room,designs,build,measured,away,front,qualitative,entire,known,structured,pixels,placed,experiments,cameras,allowing
CHI2012 p1937.pdf.txt,drawing,links,novel,graphical,concepts,old,parents,document,menu,properties,taking,republish,designs,window,known,effort,explored,representation,term,parts
CHI2012 p1947.pdf.txt,added,entry,novel,everyday,old,last,republish,rates,outside,vision,length,frequently,query,window,skills,extended,final,controlled,law,observer
CHI2012 p1957.pdf.txt,window,last,menu,added,novel,document,graphical,old,undo,manipulation,drawing,taking,republish,below,learn,setting,followed,spring,effort,strategy
CHI2012 p1967.pdf.txt,volunteer,engage,opportunities,outside,drawing,republish,contact,processes,really,volunteers,frequently,organizational,coordinators,going,currently,networks,term,contexts,qualitative,setting
CHI2012 p1977.pdf.txt,processes,engage,clients,participation,novel,successful,taking,republish,outreach,setting,patient,effort,outside,documents,below,term,concepts,known,build,going
CHI2012 p1987.pdf.txt,steps,skills,added,parents,below,motivation,novel,child,taking,republish,learn,solutions,last,build,going,scenario,situation,develop,processing,far
CHI2012 p1997.pdf.txt,goals,drawing,republish,preferred,going,discussions,below,designs,term,persona,topics,measured,spent,product,engage,effort,far,read,links,really
CHI2012 p2001.pdf.txt,vision,novel,republish,staff,frequently,below,designs,item,tap,controlling,situation,setting,teroos,engage,eld,toward,front,wearing,avatar,nd
CHI2012 p2005.pdf.txt,material,novel,term,republish,drawing,taking,everyday,final,discomfort,exercise,outside,learn,parents,known,experienced,medical,cultural,setting,far,followed
CHI2012 p2015.pdf.txt,added,taking,novel,term,drawing,republish,designs,learn,effort,contact,setting,tions,motivation,developing,last,phones,engage,goals,below,parents
CHI2012 p2025.pdf.txt,concepts,agency,empirical,republish,period,procedure,patient,chose,experiments,designs,term,contact,compare,assistance,processes,experienced,participation,investigate,allowing,links
CHI2012 p2035.pdf.txt,added,taking,rating,designs,last,novel,concepts,qualitative,effort,republish,term,window,preferred,recall,care,motivation,compare,final,accurate,representation
CHI2012 p2045.pdf.txt,drawing,republish,successful,phones,qualitative,against,tions,graphical,measured,security,effort,authentication,length,known,revealed,output,questionnaire,accurate,passwords,front
CHI2012 p2049.pdf.txt,exercise,added,below,motivation,compensation,republish,window,setting,goals,front,pressure,measured,learn,questionnaire,played,stroke,against,angle,topics,limitations
CHI2012 p2059.pdf.txt,taking,parents,learn,tabletop,novel,designs,material,republish,below,skills,talk,last,visitors,successful,engage,put,participation,term,concepts,environments
CHI2012 p2069.pdf.txt,added,taking,chose,exercise,republish,effort,build,outside,setting,final,participation,far,frequently,goals,concepts,known,contact,strategy,gain,everyday
CHI2012 p2079.pdf.txt,added,designs,republish,material,known,skills,engage,below,reality,discussions,followed,document,documents,representation,effort,put,thinking,society,record,cause
CHI2012 p2083.pdf.txt,learn,skills,novel,mode,drawing,republish,last,exercise,below,strategy,links,really,successful,played,success,puzzle,followed,jigsaw,engage,visible
CHI2012 p2087.pdf.txt,added,child,taking,parents,patient,novel,designs,medical,room,exercise,republish,below,concepts,allowing,mode,setting,menu,outside,pairs,photos
CHI2012 p2097.pdf.txt,patient,period,medical,learn,processes,document,deployment,adaptation,room,care,engage,republish,taking,setting,organizational,documents,emr,doctors,observations,designs
CHI2012 p2107.pdf.txt,effort,term,links,republish,material,below,procedure,websites,period,known,read,frequently,rating,median,clearly,heuristics,followed,website,major,evaluated
CHI2012 p2117.pdf.txt,added,setting,material,republish,empirical,instruction,agreement,procedure,exercise,below,window,learn,compare,last,effort,combination,front,website,outside,appear
CHI2012 p2127.pdf.txt,taking,last,drawing,frequently,respondents,questionnaire,republish,material,learn,discussions,below,concepts,ui,free,suggestions,description,followed,topics,effort,strategy
CHI2012 p2137.pdf.txt,document,material,effort,teams,novel,followed,republish,steps,tions,performing,last,experienced,procedure,sequence,researcher,below,learn,spent,materials,setting
CHI2012 p2165.pdf.txt,mode,drawing,limitations,material,taking,republish,sensors,read,period,frame,hands,window,length,zerotouch,resolution,pressure,menu,output,old,dimensions
CHI2012 p2175.pdf.txt,viewing,taking,novel,measured,angle,visible,pair,republish,below,front,setting,ion,tions,pixel,designs,known,tabletop,pairs,angles,horizontal
CHI2012 p2185.pdf.txt,pressure,novel,republish,vision,force,concepts,setting,representation,sound,links,going,tabletop,until,output,increasing,directions,placed,allowing,works,hands
CHI2012 p2189.pdf.txt,material,contact,added,designs,republish,limitations,block,tabletop,blocks,build,allowing,visible,capacitive,far,rotation,platform,resolution,dimensions,away,contacts
CHI2012 p2193.pdf.txt,mode,states,effort,known,novel,republish,window,adaptive,red,processes,build,brain,questionnaire,tions,frequently,signal,learn,last,dimensions,automatically
CHI2012 p2203.pdf.txt,added,front,rotation,vision,mode,republish,material,window,learn,aware,success,automatically,followed,limitations,frequently,setting,measured,frame,effort,experienced
CHI2012 p2211.pdf.txt,added,mode,novel,mapping,viewing,drawing,republish,setting,vision,document,away,angle,below,window,photos,output,tions,zoom,limitations,nger
CHI2012 p2221.pdf.txt,menu,mode,entry,added,learn,novel,length,visible,drawing,taking,republish,item,explored,bezel,gain,phones,followed,tions,vision,pilot
CHI2012 p2231.pdf.txt,novel,republish,taking,aware,frame,accurate,vision,really,compare,photos,resolution,client,build,allowing,processing,until,developing,faster,uist,demonstrated
CHI2012 p2235.pdf.txt,taking,republish,vision,frame,last,sequence,output,id,outside,far,period,known,pixel,followed,limitations,allowing,visible,chose,put,resolution
CHI2012 p2239.pdf.txt,window,menu,republish,frequently,document,length,tions,below,learn,followed,item,last,empirical,log,algorithms,accurate,command,contexts,allowing,browsing
CHI2012 p2243.pdf.txt,drawing,republish,measured,tions,bene,term,recommendations,monitoring,representation,toward,recommender,accurate,known,processes,told,interested,limitations,engage,manipulation,spent
CHI2012 p2247.pdf.txt,added,learn,topics,contact,term,republish,last,documents,sources,outside,currently,links,goals,below,designs,status,setting,chose,scenarios,tions
CHI2012 p2257.pdf.txt,added,pressure,experiments,processes,product,republish,pairs,opinions,decision,recommendations,last,preferences,measured,choices,pair,empirical,setting,choice,followed,spent
CHI2012 p2267.pdf.txt,sound,success,material,regarding,vision,republish,played,known,currently,successful,captcha,security,round,limitations,below,term,learn,length,rates,bar
CHI2012 p2277.pdf.txt,menu,speech,effort,voice,mode,republish,motivation,output,preferred,measured,frequently,qualitative,below,learn,entry,entire,produce,correction,marking,regular
CHI2012 p2287.pdf.txt,drawing,taking,vision,setting,republish,material,character,characters,links,last,subject,experiments,outside,followed,parts,requirements,tested,below,concepts,known
CHI2012 p2297.pdf.txt,added,vision,colors,situation,below,republish,mapping,chose,links,resulting,procedure,allowing,until,automatically,cvd,red,last,effort,monitor,chosen
CHI2012 p2307.pdf.txt,contact,menu,tap,tabletop,republish,setting,hands,angle,last,frame,term,motivation,strategy,occlusion,mode,rotation,consistent,compare,extended,steps
CHI2012 p2317.pdf.txt,mode,novel,added,menu,drawing,links,front,bimanual,taking,republish,nger,tablet,hands,visible,offer,frame,outside,frequently,faster,below
CHI2012 p2327.pdf.txt,tabletop,added,taking,novel,below,drawing,republish,chose,accurate,aware,vision,placed,positions,center,learn,concepts,length,hands,tested,followed
CHI2012 p2337.pdf.txt,added,designs,motivation,engage,novel,processes,everyday,republish,taking,below,learn,last,aware,visible,put,behavioral,skills,effort,states,exercise
CHI2012 p2347.pdf.txt,added,last,period,aware,motivation,old,parents,deployment,setting,menu,republish,measured,goals,really,household,households,entire,against,below,qualitative
CHI2012 p2357.pdf.txt,taking,setting,novel,going,republish,material,concepts,qualitative,employees,discussions,frequently,links,successful,engage,designs,term,category,mode,topics,representation
CHI2012 p2367.pdf.txt,designs,novel,window,motivation,drawing,republish,material,below,preferred,bar,explored,effort,goals,followed,parents,learn,term,cost,category,interested
CHI2012 p2377.pdf.txt,child,material,skills,taking,designs,parents,drawing,republish,concepts,last,participatory,processes,mode,tions,goals,participation,followed,developing,links,room
CHI2012 p2387.pdf.txt,parents,added,engage,period,republish,window,length,conversation,outside,girls,limitations,frequently,explored,below,term,concepts,going,extended,indicated,questionnaire
CHI2012 p2397.pdf.txt,questionnaire,mode,taking,republish,child,followed,regarding,old,room,effort,frequently,motivation,median,medical,tested,limitations,front,empirical,consistent,young
CHI2012 p2401.pdf.txt,drawing,added,designs,material,child,limitations,taking,republish,draw,mode,allowing,hands,below,parents,learn,concepts,build,setting,explored,entire
CHI2012 p2411.pdf.txt,novel,added,drawing,frame,taking,vision,republish,material,known,city,reality,augmented,procedure,entire,tions,urban,ar,below,front,old
CHI2012 p2421.pdf.txt,novel,hands,designs,allowing,front,republish,output,tabletop,representation,vision,reality,learn,away,placed,mode,followed,augmented,kinect,measured,going
CHI2012 p2431.pdf.txt,documents,document,added,novel,contact,below,window,menu,republish,material,effort,front,bottom,currently,away,allowing,flexible,horizontal,mode,tions
CHI2012 p2441.pdf.txt,republish,material,term,motivation,news,sns,empirical,limitations,measured,period,variables,company,procedure,job,corporate,daily,last,far,frequently,rates
CHI2012 p2451.pdf.txt,novel,sources,news,topics,links,taking,republish,scenario,tweets,known,exercise,develop,put,below,designs,contact,setting,pressure,chose,noted
CHI2012 p2461.pdf.txt,added,tweets,republish,taking,term,contextual,frequently,below,document,links,semantic,explored,novices,followed,compare,manipulation,processing,center,chose,seeing
CHI2012 p2465.pdf.txt,added,novel,designs,republish,build,processes,steps,document,limitations,measured,graphical,automatically,completion,compare,currently,query,parts,sequence,toward,strategy
CHI2012 p2469.pdf.txt,added,query,queries,states,last,empirical,below,tions,steps,rules,drawing,term,window,output,chose,representation,effort,strategy,build,memory
CHI2012 p2479.pdf.txt,links,added,below,term,effort,success,vision,taking,designs,far,ui,frame,tions,currently,click,representation,th,duration,processes,category
CHI2012 p2489.pdf.txt,added,menu,window,designs,frame,steps,build,automatically,republish,drawing,material,taking,term,representation,document,last,effort,states,exercise,designer
CHI2012 p2499.pdf.txt,material,added,processes,materials,taking,novel,drawing,republish,concepts,agency,regarding,everyday,exercise,talk,properties,draw,setting,discussions,document,limitations
CHI2012 p2509.pdf.txt,novel,exercise,concepts,learn,added,taking,designs,care,republish,processes,room,setting,build,independent,outside,vision,term,empirical,situation,mode
CHI2012 p2519.pdf.txt,novel,republish,learn,attributes,resulting,setting,category,automatically,effort,known,followed,score,representation,strategy,build,eld,detail,attribute,works,gain
CHI2012 p2523.pdf.txt,novel,vision,material,republish,explored,visible,pairs,pair,tested,period,colors,procedure,processes,vocabulary,regions,viewing,eyes,revealed,detail,resolution
CHI2012 p2527.pdf.txt,added,republish,below,term,setting,period,window,signal,last,compare,lter,procedure,known,increasing,lag,processes,until,output,reference,dif
CHI2012 p2531.pdf.txt,added,contact,novel,drawing,republish,room,vision,parallax,patient,questionnaire,front,center,below,designs,allowing,limitations,frame,empirical,qualitative,old
CHI2012 p2541.pdf.txt,below,visible,output,front,scenario,republish,placed,setting,sources,conflict,final,entire,pixels,window,allowing,resolution,followed,procedure,static,frame
CHI2012 p2551.pdf.txt,mode,novel,added,visible,representation,normal,front,republish,material,term,outside,vision,center,horizontal,mapping,viewing,reality,represent,designs,environments
CHI2012 p2561.pdf.txt,novel,queries,republish,taking,query,chose,destination,going,trajectory,length,aware,gps,conventional,restaurant,prediction,build,familiar,visible,far,away
CHI2012 p2565.pdf.txt,mapping,republish,strategy,representation,room,term,window,front,last,angle,outside,overview,directions,panorama,completion,gain,revealed,bird,pilot,tions
CHI2012 p2569.pdf.txt,added,setting,product,taking,novel,effort,limitations,republish,concepts,ad,room,measured,processes,environments,toward,pilot,regarding,experiments,setup,offer
CHI2012 p2579.pdf.txt,novel,added,degree,front,accurate,directions,republish,taking,drawing,designs,vision,placed,preferred,below,window,term,build,processes,far,mapping
CHI2012 p2589.pdf.txt,skills,contact,learn,novel,outside,deployment,topics,republish,motivation,autism,patient,mosoco,really,currently,explored,below,designs,parents,term,away
CHI2012 p2599.pdf.txt,child,taking,skills,added,final,drawing,below,frequently,republish,designs,parents,learn,motivation,mode,build,processes,developing,concepts,known,allowing
CHI2012 p2609.pdf.txt,drawing,added,child,novel,patient,draw,below,care,taking,republish,empirical,states,medical,mode,qualitative,experienced,parents,detail,setting,followed
CHI2012 p2619.pdf.txt,exercise,child,novel,allowing,taking,republish,frequently,patient,limitations,last,played,period,designs,parents,length,final,mode,eight,motor,resulting
CHI2012 p2629.pdf.txt,added,staff,room,care,setting,taking,window,engage,patient,self,skills,clients,build,drawing,material,republish,term,outside,identity,period
CHI2012 p2639.pdf.txt,residents,care,taking,material,setting,below,old,topics,republish,term,concepts,empirical,known,processes,staff,days,memory,designs,learn,window
CHI2012 p2649.pdf.txt,old,novel,measured,memory,young,demand,processes,completion,republish,designs,interruption,setting,goals,strategy,currently,period,motivation,known,empirical,accurate
CHI2012 p2659.pdf.txt,below,added,played,republish,taking,designs,term,last,shift,keys,labels,distribution,independent,horizontal,entry,limitations,record,bar,nger,effort
CHI2012 p2669.pdf.txt,entry,added,front,mode,novel,below,taking,republish,learn,term,effort,length,far,final,keys,tap,last,phones,measured,designs
CHI2012 p2679.pdf.txt,menu,mode,republish,drawing,final,period,designs,entry,agreement,commands,frequently,preferred,pressure,hands,scores,draw,includes,keys,symbols,shift
CHI2012 p2683.pdf.txt,mode,added,designs,walking,republish,regarding,rates,setting,preferred,empirical,normal,steps,chose,mobility,followed,entry,measured,strategy,revealed,keys
CHI2012 p2687.pdf.txt,added,taking,entry,final,walking,novel,last,republish,term,tap,followed,frequently,designs,motivation,walktype,procedure,build,rates,output,outside
CHI2012 p2697.pdf.txt,drawing,below,learn,concepts,build,document,republish,allowing,read,steps,codelet,tions,links,automatically,codelets,played,spent,chose,put,entire
CHI2012 p2707.pdf.txt,added,learn,security,republish,effort,setting,output,currently,processes,professional,developers,exercise,limitations,concepts,motivation,explanation,secure,tions,procedure,read
CHI2012 p2717.pdf.txt,added,menu,chose,th,customization,republish,motivation,setting,pressure,period,effort,aware,term,learn,faster,mode,tions,item,measured,command
CHI2012 p2727.pdf.txt,added,topics,participation,republish,patient,outside,discussions,vision,designs,concepts,visible,setting,followed,effort,uk,employees,period,japan,india,developing
CHI2012 p2731.pdf.txt,added,networks,build,window,room,novel,links,drawing,taking,republish,everyday,visible,limitations,put,below,term,concepts,away,chose,followed
CHI2012 p2741.pdf.txt,added,drawing,taking,setting,employees,outside,networking,frequently,republish,mode,followed,really,topics,skills,daily,concerns,organizational,below,learn,window
CHI2012 p2751.pdf.txt,news,tweets,links,republish,discussions,term,window,learn,known,played,classi,last,length,tweet,sources,tions,mass,interested,strategy,everyday
CHI2012 p2755.pdf.txt,tweets,taking,below,republish,last,topics,pilot,exercise,links,term,going,classi,block,strategy,vision,tweet,dif,followed,discussions,automatically
CHI2012 p2759.pdf.txt,mode,participation,taking,republish,below,concepts,situation,spaces,places,visible,urban,known,outside,term,window,going,allowing,everyday,identity,appear
CHI2012 p2769.pdf.txt,added,frequently,period,below,novel,empirical,entire,links,republish,rates,browsing,length,queries,vocabulary,outside,followed,limitations,designs,term,window
CHI2012 p2779.pdf.txt,novel,taking,concepts,ar,republish,regarding,frequently,known,reality,augmented,product,old,really,below,learn,term,google,qualitative,setting,male
CHI2012 p2789.pdf.txt,frequently,effort,republish,motivation,motivations,room,contact,menu,goals,known,contextual,contexts,independent,indicated,followed,situation,avoid,chose,free,procedure
CHI2012 p2793.pdf.txt,drawing,taking,tions,played,frequently,strategy,identity,republish,limitations,ai,followed,draw,engage,explored,pressure,exercise,motivation,resulting,setting,goals
CHI2012 p2803.pdf.txt,motivation,republish,exercise,procedure,behavioral,measured,motivations,effort,outside,final,period,links,known,skills,category,mechanisms,examine,engage,everyday,character
CHI2012 p2807.pdf.txt,strategy,added,against,agent,adaptation,played,republish,learn,experiments,period,length,round,agents,series,front,choice,everyday,faster,steps,opponent
CHI2012 p2811.pdf.txt,added,republish,mapping,child,played,period,empirical,variables,category,status,links,motivation,skills,known,preferred,preferences,spent,variable,mechanisms,male
CHI2012 p2815.pdf.txt,added,participation,teams,novel,below,term,effort,taking,republish,concepts,visible,goals,topics,outside,period,opportunities,organizational,known,setting,toward
CHI2012 p2825.pdf.txt,parents,taking,really,young,contact,term,going,identity,republish,keep,outside,old,put,topics,networks,last,procedure,homeless,below,designs
CHI2012 p2835.pdf.txt,below,novel,concepts,tions,processes,aware,drawing,republish,learn,followed,contact,limitations,known,empirical,networks,setting,far,appropriation,discussions,document
CHI2012 p2845.pdf.txt,added,novel,room,documents,document,smart,spaces,taking,republish,window,concepts,patient,motivation,currently,engage,outside,links,below,resource,automatically
CHI2012 p2855.pdf.txt,undo,setting,th,tions,document,drawing,taking,republish,term,effort,mode,al,steps,room,learn,front,put,topics,region,aware
CHI2012 p2865.pdf.txt,added,controls,menu,taking,republish,material,build,tap,front,queries,mapping,chose,tablet,period,room,known,placed,mode,setting,far
CHI2012 p2875.pdf.txt,drawing,window,learn,republish,draw,automatically,sequence,states,mode,add,fingers,manipulation,decision,tap,zoom,coder,developers,chose,length,output
CHI2012 p2885.pdf.txt,states,novel,regular,republish,rotation,automatically,sequence,match,followed,tions,dif,graphical,frequently,below,expression,build,proton,developers,track,static
CHI2012 p2895.pdf.txt,drawing,novel,added,learn,frequently,republish,taking,last,effort,draw,final,accurate,below,setting,character,discussions,mapping,menu,popular,recognizer
CHI2012 p2905.pdf.txt,added,motivation,learn,spent,participation,habit,republish,effort,length,processes,motivations,engage,frequently,production,measured,variables,designs,mode,status,read
CHI2012 p2915.pdf.txt,added,contact,participation,pressure,production,drawing,republish,term,procedure,subject,measured,success,processes,effort,empirical,exercise,motivation,known,fitd,mode
CHI2012 p2925.pdf.txt,motivation,added,republish,term,effort,motivations,bias,states,topics,pressure,contexts,engage,desirability,participation,parents,learn,purpose,known,empirical,fun
CHI2012 p2935.pdf.txt,drawing,republish,material,designs,output,below,deployment,widgets,last,translation,steps,motivation,google,experiments,followed,room,english,production,book,everyday
CHI2012 p2939.pdf.txt,added,length,republish,period,decisions,known,processes,measured,status,outside,production,experienced,decision,participation,variables,authors,limitations,ratio,editors,explored
CHI2012 p2943.pdf.txt,novel,length,effort,republish,below,algorithms,segmentation,duration,intervals,allowing,followed,threshold,accurate,record,manual,completion,processing,recording,metrics,outside
CHI2012 p2953.pdf.txt,added,last,novel,concepts,known,material,republish,mode,hypothesis,networks,measured,compare,qualitative,hypotheses,term,length,motivation,strategy,processes,setting
CHI2012 p2963.pdf.txt,novel,ad,read,frequently,known,vision,drawing,republish,followed,menu,length,documents,below,designs,states,bottom,center,extended,positions,nd
CHI2012 p2973.pdf.txt,setting,ar,republish,learn,dif,controls,reality,augmented,picture,effort,everyday,vision,preferred,graphical,tions,followed,measured,front,empirical,visible
CHI2012 p2977.pdf.txt,added,novel,taking,republish,steps,duration,document,measured,documents,success,term,known,empirical,setting,retrieval,last,everyday,frequently,procedure,organizational
CHI2012 p2981.pdf.txt,novel,republish,rates,center,outside,questionnaire,qualitative,setting,tested,item,goals,combination,going,away,zoom,lens,allowing,magic,frequently,vision
CHI2012 p2991.pdf.txt,strategy,concepts,republish,material,window,skills,measured,vision,patient,experienced,duration,effort,develop,viewing,completion,tions,document,last,front,outside
CHI2012 p3001.pdf.txt,entry,setting,effort,novel,below,extended,republish,length,last,experienced,period,room,character,dwell,followed,detailed,limitations,measured,rates,everyday
CHI2012 p3011.pdf.txt,graphical,added,passwords,novel,password,drawing,republish,window,successful,entry,security,outside,contact,saliency,procedure,qualitative,term,known,sequence,preferred
CHI2012 p3021.pdf.txt,designs,added,parents,concepts,processes,exercise,setting,bandwidth,taking,republish,last,effort,empirical,cost,allowing,families,chose,frequently,networks,told
CHI2012 p3031.pdf.txt,links,concepts,topics,measured,learn,designs,processing,item,medical,republish,term,structures,processes,semantic,memory,category,recommended,exercise,younger,frequently
CHI2012 p3041.pdf.txt,parents,taking,novel,learn,phones,child,status,republish,room,setting,going,families,known,class,old,frequently,really,below,term,length
CHI2012 p3051.pdf.txt,added,material,deployment,novel,tabletop,document,experiments,republish,taking,term,setting,period,documents,last,links,designs,window,bench,processes,observations
CHI2012 p3061.pdf.txt,accurate,material,term,spent,links,republish,below,learn,chose,photos,strategy,explanation,entire,engage,really,motivation,searching,potentially,mode,browsing
CHI2012 p3071.pdf.txt,concepts,tabletop,added,material,learn,mode,build,republish,effort,topics,known,limitations,representation,setting,questionnaire,scenario,empirical,everyday,environments,outside
CHI2012 p3081.pdf.txt,added,product,teams,taking,setting,novel,networks,length,measured,republish,below,designs,effort,empirical,limitations,controls,final,structures,document,independent
CHI2012 p3091.pdf.txt,added,pilot,identity,outside,toward,below,room,taking,republish,questionnaire,tions,procedure,visually,limitations,parents,framing,told,teams,measured,manipulation
CHI2012 p3101.pdf.txt,identity,teams,strategy,motivation,build,taking,republish,empirical,length,played,procedure,learn,half,organizational,questionnaire,room,shapes,contact,processes,successful
CHI2012 p3111.pdf.txt,added,topics,effort,meeting,teams,novel,played,taking,republish,concepts,meetings,setting,ttp,frequently,record,length,status,exercise,duration,avatar
CHI2012 p3121.pdf.txt,added,force,pressure,contact,republish,menu,directions,normal,designs,questionnaire,sensors,hands,measured,tangential,output,block,works,chose,tested,period
CHI2012 p3131.pdf.txt,added,novel,learn,tactile,below,republish,mode,tions,period,designs,length,everyday,setting,far,followed,duration,pilot,away,route,last
CHI2012 p3141.pdf.txt,republish,contact,tactile,augmented,subject,duration,experienced,reality,procedure,motivation,length,known,experiments,aware,phantom,followed,sound,measured,placed,interval
CHI2012 p3149.pdf.txt,pressure,force,mode,drawing,republish,gain,term,menu,limitations,graphical,shear,put,contact,uist,processes,manipulation,entry,room,empirical,continuous
CHI2012 p3153.pdf.txt,added,republish,concepts,mode,produce,output,force,put,length,increasing,engage,allowing,states,chose,haptic,relatively,hands,currently,directions,placed
CHI2012 p3157.pdf.txt,added,window,classi,effort,novel,last,setting,procedure,taking,republish,dif,observations,measured,automatically,outside,limitations,period,develop,below,learn
CHI2012 p3167.pdf.txt,window,added,novel,menu,designs,annotation,drawing,republish,entire,limitations,deployment,visible,outside,develop,currently,center,below,uist,processes,windows
CHI2012 p3177.pdf.txt,patient,force,pressure,republish,measured,skills,learn,rotation,hands,outside,haptic,vision,threshold,procedure,contact,medical,subject,directions,room,front
CHI2012 p3181.pdf.txt,novel,republish,below,known,gap,term,monitor,setting,tions,law,final,fitts,away,id,avoid,block,recommendations,measured,increasing,placed
CHI2012 p3185.pdf.txt,taking,term,directions,tions,novel,designs,id,horizontal,republish,dif,experiments,menu,fitts,vertical,law,period,below,window,concepts,entire
CHI2012 p3195.pdf.txt,added,novel,engage,republish,below,networks,measured,everyday,final,seeking,concepts,known,spent,capital,status,topics,variables,degree,perceptions,ask
CHI2012 p3205.pdf.txt,novel,learn,menu,designs,window,element,material,republish,parents,output,tions,attributes,webcrystal,below,desired,setting,ask,completion,document,automatically
CHI2012 p3215.pdf.txt,length,topics,everyday,tions,republish,period,query,preferred,classi,queries,exercise,followed,documents,motivation,known,contexts,distribution,sources,mode,seeking
